"","Survey","HHI","HHI*","log HHI","PL Urban","PL Rural"
"1","EMOVI 2017",NA,NA,NA,1471.6,1120.08
"2","ENIGH 2016",13555.5343652043,10.8533384731339,2.02349029173049,1348.81,1015.44
"3","ENIGH 2018",15283.8410934516,10.9043500021667,2.0413698628191,1521.44,1145.5
