"","Survey","HHI","log HHI","PL Urban","PL Rural"
"1","EMOVI 2017",NA,NA,1471.6,1120.08
"2","ENIGH 2016",10.9724557016598,2.02368854398443,1348.81,1015.44
"3","ENIGH 2018",10.904350002164,2.04136986281894,1521.44,1145.5
